-- phpMyAdmin SQL Dump
-- version 4.8.0.1
-- https://www.phpmyadmin.net/
--
-- Hôte : 127.0.0.1
-- Généré le :  lun. 22 oct. 2018 à 15:30
-- Version du serveur :  10.1.32-MariaDB
-- Version de PHP :  7.2.5

SET SQL_MODE
= "NO_AUTO_VALUE_ON_ZERO";
SET AUTOCOMMIT
= 0;
START TRANSACTION;
SET time_zone
= "+00:00";


/*!40101 SET @OLD_CHARACTER_SET_CLIENT=@@CHARACTER_SET_CLIENT */;
/*!40101 SET @OLD_CHARACTER_SET_RESULTS=@@CHARACTER_SET_RESULTS */;
/*!40101 SET @OLD_COLLATION_CONNECTION=@@COLLATION_CONNECTION */;
/*!40101 SET NAMES utf8mb4 */;

--
-- Base de données :  `employees`
--

-- --------------------------------------------------------

--
-- Doublure de structure pour la vue `current_dept_emp`
-- (Voir ci-dessous la vue réelle)
--
CREATE TABLE `current_dept_emp`
(
`emp_no` int
(11)
,`dept_no` char
(4)
,`from_date` date
,`to_date` date
);

-- --------------------------------------------------------

--
-- Structure de la table `departments`
--

CREATE TABLE `departments`
(
  `dept_no` char
(4) NOT NULL,
  `dept_name` varchar
(40) NOT NULL
) ENGINE=InnoDB DEFAULT CHARSET=latin1;

--
-- Déchargement des données de la table `departments`
--

INSERT INTO `departments` (`dept_no`, `dept_name`) VALUES
('d009', 'Customer Service'),
('d005', 'Development'),
('d002', 'Finance'),
('d003', 'Human Resources'),
('d001', 'Marketing'),
('d004', 'Production'),
('d006', 'Quality Management'),
('d008', 'Research'),
('d007', 'Sales');

-- --------------------------------------------------------

--
-- Structure de la table `dept_emp`
--

CREATE TABLE `dept_emp`
(
  `emp_no` int
(11) NOT NULL,
  `dept_no` char
(4) NOT NULL,
  `from_date` date NOT NULL,
  `to_date` date NOT NULL
) ENGINE=InnoDB DEFAULT CHARSET=latin1;

--
-- Déchargement des données de la table `dept_emp`
--

INSERT INTO `dept_emp` (`emp_no`,
`dept_no
`, `from_date`, `to_date`) VALUES
(10001, 'd005', '1986-06-26', '9999-01-01'),
(10002, 'd007', '1996-08-03', '9999-01-01'),
(10003, 'd004', '1995-12-03', '9999-01-01'),
(10004, 'd004', '1986-12-01', '9999-01-01'),
(10005, 'd003', '1989-09-12', '9999-01-01'),
(10006, 'd005', '1990-08-05', '9999-01-01'),
(10007, 'd008', '1989-02-10', '9999-01-01'),
(10008, 'd005', '1998-03-11', '2000-07-31'),
(10009, 'd006', '1985-02-18', '9999-01-01'),
(10010, 'd004', '1996-11-24', '2000-06-26'),
(10010, 'd006', '2000-06-26', '9999-01-01'),
(10011, 'd009', '1990-01-22', '1996-11-09'),
(10012, 'd005', '1992-12-18', '9999-01-01'),
(10013, 'd003', '1985-10-20', '9999-01-01'),
(10014, 'd005', '1993-12-29', '9999-01-01'),
(10015, 'd008', '1992-09-19', '1993-08-22'),
(10016, 'd007', '1998-02-11', '9999-01-01'),
(10017, 'd001', '1993-08-03', '9999-01-01'),
(10018, 'd004', '1992-07-29', '9999-01-01'),
(10018, 'd005', '1987-04-03', '1992-07-29'),
(10019, 'd008', '1999-04-30', '9999-01-01'),
(10020, 'd004', '1997-12-30', '9999-01-01'),
(10021, 'd005', '1988-02-10', '2002-07-15'),
(10022, 'd005', '1999-09-03', '9999-01-01'),
(10023, 'd005', '1999-09-27', '9999-01-01'),
(10024, 'd004', '1998-06-14', '9999-01-01'),
(10025, 'd005', '1987-08-17', '1997-10-15'),
(10026, 'd004', '1995-03-20', '9999-01-01'),
(10027, 'd005', '1995-04-02', '9999-01-01'),
(10028, 'd005', '1991-10-22', '1998-04-06'),
(10029, 'd004', '1991-09-18', '1999-07-08'),
(10029, 'd006', '1999-07-08', '9999-01-01'),
(10030, 'd004', '1994-02-17', '9999-01-01'),
(10031, 'd005', '1991-09-01', '9999-01-01'),
(10032, 'd004', '1990-06-20', '9999-01-01'),
(10033, 'd006', '1987-03-18', '1993-03-24'),
(10034, 'd007', '1995-04-12', '1999-10-31'),
(10035, 'd004', '1988-09-05', '9999-01-01'),
(10036, 'd003', '1992-04-28', '9999-01-01'),
(10037, 'd005', '1990-12-05', '9999-01-01'),
(10038, 'd009', '1989-09-20', '9999-01-01'),
(10039, 'd003', '1988-01-19', '9999-01-01'),
(10040, 'd005', '1993-02-14', '2002-01-22'),
(10040, 'd008', '2002-01-22', '9999-01-01'),
(10041, 'd007', '1989-11-12', '9999-01-01'),
(10042, 'd002', '1993-03-21', '2000-08-10'),
(10043, 'd005', '1990-10-20', '9999-01-01'),
(10044, 'd004', '1994-05-21', '9999-01-01'),
(11052, 'd009', '1988-11-11', '1991-05-05'
);

INSERT INTO `dept_emp` (`
emp_no`,
`dept_no
`, `from_date`, `to_date`) VALUES
(11053, 'd004', '1995-10-29', '9999-01-01'),
(11054, 'd006', '1986-07-18', '1987-09-25'),
(11055, 'd007', '1998-03-08', '9999-01-01'),
(11056, 'd007', '1997-07-01', '9999-01-01'),
(11057, 'd007', '1996-07-12', '9999-01-01'),
(11058, 'd008', '1985-06-07', '9999-01-01'),
(11059, 'd005', '1986-11-17', '9999-01-01'),
(11060, 'd007', '1991-05-03', '1991-09-27'),
(11061, 'd002', '1993-02-19', '1997-01-15'),
(11061, 'd007', '1997-01-15', '9999-01-01'),
(11062, 'd004', '1990-10-18', '9999-01-01'),
(11063, 'd003', '1996-01-09', '9999-01-01'),
(11064, 'd004', '1990-02-28', '9999-01-01'),
(11065, 'd004', '1985-11-14', '9999-01-01'),
(11066, 'd002', '1996-04-30', '9999-01-01'),
(11067, 'd004', '1992-02-23', '9999-01-01'),
(11068, 'd008', '1989-06-29', '9999-01-01'),
(11069, 'd004', '1990-01-10', '1990-09-23'),
(11070, 'd006', '1985-07-24', '9999-01-01'),
(11071, 'd005', '1992-05-23', '9999-01-01'),
(11072, 'd004', '1997-01-15', '9999-01-01'),
(11072, 'd009', '1994-08-04', '1997-01-15'),
(11073, 'd005', '1992-10-22', '9999-01-01'),
(11074, 'd009', '1995-06-15', '9999-01-01'),
(11075, 'd004', '1998-05-06', '9999-01-01'),
(11076, 'd005', '1999-09-17', '9999-01-01'),
(11077, 'd009', '1998-04-30', '1998-10-11'),
(11078, 'd005', '1994-06-05', '9999-01-01'),
(11079, 'd005', '1994-05-26', '9999-01-01'),
(11080, 'd006', '1988-07-04', '9999-01-01'),
(11081, 'd002', '1985-06-17', '9999-01-01'),
(11082, 'd005', '1998-05-10', '2002-03-18'),
(11083, 'd002', '1992-10-04', '1998-05-14'),
(11083, 'd003', '1998-05-14', '9999-01-01'),
(11084, 'd004', '1990-05-31', '9999-01-01'),
(11085, 'd004', '1996-02-10', '9999-01-01'),
(11086, 'd007', '1996-01-19', '9999-01-01'),
(11087, 'd004', '1998-03-18', '9999-01-01'),
(11088, 'd005', '1993-04-09', '9999-01-01'),
(11089, 'd007', '1994-08-13', '9999-01-01'),
(11090, 'd004', '1987-05-01', '1988-08-20'),
(11091, 'd004', '1999-09-11', '9999-01-01'),
(11092, 'd001', '2002-04-25', '9999-01-01'),
(12102, 'd007', '1994-02-17', '9999-01-01'
),
(12103, 'd009', '1990-04-23', '1992-09-18');
INSERT INTO `dept_emp` (`
emp_no`,
`dept_no
`, `from_date`, `to_date`) VALUES
(12104, 'd004', '1997-06-12', '2002-02-08'),
(12105, 'd008', '1999-06-21', '9999-01-01'),
(12106, 'd004', '1996-04-30', '9999-01-01'),
(12106, 'd008', '1995-10-24', '1996-04-30'),
(12107, 'd005', '1997-01-27', '9999-01-01'),
(12108, 'd005', '1992-12-13', '9999-01-01'),
(12109, 'd005', '1996-01-20', '9999-01-01'),
(12110, 'd004', '1997-04-12', '2002-05-22'),
(12111, 'd008', '1993-06-13', '9999-01-01'),
(12112, 'd002', '1989-09-26', '9999-01-01'),
(12113, 'd007', '1991-05-21', '1991-07-15'),
(12114, 'd008', '1997-02-04', '9999-01-01'),
(12115, 'd005', '1985-03-19', '9999-01-01'),
(12116, 'd005', '1994-01-11', '9999-01-01'),
(12117, 'd005', '1999-12-02', '2002-06-23'),
(12117, 'd006', '1999-02-01', '1999-12-02'),
(12118, 'd001', '1994-12-03', '9999-01-01'),
(12119, 'd007', '1992-02-06', '1997-06-02'),
(12120, 'd002', '1986-06-20', '9999-01-01'),
(12121, 'd006', '1990-06-04', '9999-01-01'),
(12122, 'd004', '1987-07-24', '9999-01-01'),
(12123, 'd008', '1987-07-18', '9999-01-01'),
(12124, 'd008', '1989-07-14', '9999-01-01'),
(12125, 'd004', '1999-09-01', '9999-01-01'),
(13151, 'd004', '1994-05-16', '9999-01-01'
),
(13152, 'd004', '1985-11-28', '9999-01-01');
INSERT INTO `dept_emp` (`
emp_no`,
`dept_no
`, `from_date`, `to_date`) VALUES
(13153, 'd004', '1995-10-05', '9999-01-01'),
(13154, 'd007', '1988-07-29', '9999-01-01'),
(13155, 'd004', '1998-03-19', '9999-01-01'),
(13156, 'd005', '1992-08-18', '9999-01-01'),
(13157, 'd001', '1999-04-10', '9999-01-01'),
(13158, 'd007', '1993-02-22', '1993-09-29'),
(13159, 'd002', '1999-08-12', '9999-01-01'),
(13160, 'd005', '2000-04-10', '9999-01-01'),
(13160, 'd006', '1999-05-20', '2000-04-10'),
(13161, 'd005', '1990-01-02', '9999-01-01'),
(13162, 'd007', '1989-05-19', '9999-01-01'),
(13163, 'd006', '1987-03-31', '9999-01-01'),
(13164, 'd004', '1992-05-28', '9999-01-01'),
(13165, 'd006', '1988-03-16', '9999-01-01'),
(13166, 'd005', '1991-12-22', '9999-01-01'),
(13167, 'd005', '1991-02-10', '1991-07-18'),
(13168, 'd004', '1987-09-11', '9999-01-01'),
(13169, 'd007', '1988-09-10', '9999-01-01'),
(13170, 'd002', '1993-01-09', '1998-09-21'),
(13170, 'd003', '1998-09-21', '9999-01-01'),
(13171, 'd006', '1987-08-31', '9999-01-01'),
(13172, 'd007', '1993-09-02', '9999-01-01'),
(14203, 'd004', '1988-03-06', '9999-01-01'
),
(14204, 'd004', '1994-04-07', '1999-01-11');
INSERT INTO `dept_emp` (`
emp_no`,
`dept_no
`, `from_date`, `to_date`) VALUES
(14205, 'd009', '1994-05-31', '9999-01-01'),
(14206, 'd004', '1988-10-08', '1991-09-29'),
(14207, 'd009', '1993-08-05', '9999-01-01'),
(14208, 'd001', '1991-03-03', '1997-02-11'),
(14208, 'd009', '1997-02-11', '2000-07-20'),
(14209, 'd008', '1988-04-06', '9999-01-01'),
(14210, 'd001', '1993-06-10', '9999-01-01'),
(14211, 'd004', '1990-10-05', '9999-01-01'),
(14212, 'd005', '1990-03-10', '9999-01-01'),
(14213, 'd005', '1996-06-17', '9999-01-01'),
(14214, 'd004', '1998-12-19', '9999-01-01'),
(14215, 'd009', '1987-07-04', '1990-01-22'),
(14216, 'd005', '1998-03-11', '9999-01-01'),
(14217, 'd002', '1997-07-28', '9999-01-01'),
(14217, 'd003', '1993-04-02', '1997-07-28'),
(14218, 'd003', '1989-06-08', '9999-01-01'),
(14219, 'd005', '1991-02-16', '9999-01-01'),
(14220, 'd004', '1987-12-02', '9999-01-01'),
(14221, 'd007', '1987-04-09', '9999-01-01'),
(14222, 'd001', '1988-05-24', '9999-01-01'),
(14223, 'd004', '1989-02-16', '9999-01-01'),
(14224, 'd003', '1986-01-30', '1986-10-23'),
(14225, 'd005', '1988-08-22', '9999-01-01'),
(14226, 'd005', '1989-02-03', '9999-01-01'),
(14227, 'd001', '1985-02-13', '1986-10-02'),
(14227, 'd009', '1986-10-02', '1991-06-25'),
(14228, 'd005', '1987-07-10', '9999-01-01'),
(14229, 'd002', '1992-02-25', '9999-01-01'),
(14230, 'd005', '1988-01-25', '9999-01-01'),
(14231, 'd004', '1999-03-12', '9999-01-01'),
(14232, 'd005', '1994-09-10', '9999-01-01'),
(14233, 'd009', '1995-12-17', '9999-01-01')
(15253, 'd004', '1985-06-06', '9999-01-01'
),
(15254, 'd005', '1993-02-27', '9999-01-01');
INSERT INTO `dept_emp` (`
emp_no`,
`dept_no
`, `from_date`, `to_date`) VALUES
(15255, 'd004', '1990-12-31', '9999-01-01'),
(15256, 'd005', '1998-02-23', '9999-01-01'),
(15257, 'd002', '1987-09-16', '9999-01-01'),
(15258, 'd004', '1999-04-11', '1999-10-02'),
(15259, 'd004', '1986-08-20', '9999-01-01'),
(15260, 'd005', '1989-03-15', '1995-08-31'),
(15261, 'd002', '1995-10-16', '9999-01-01'),
(15262, 'd005', '2000-03-09', '9999-01-01'),
(15262, 'd008', '1987-09-24', '2000-03-09'),
(15263, 'd007', '1992-01-09', '9999-01-01'),
(15264, 'd007', '1995-06-03', '9999-01-01'),
(15265, 'd005', '1995-03-05', '1996-03-30'),
(15266, 'd003', '1991-06-22', '9999-01-01'),
(15267, 'd005', '1997-01-27', '9999-01-01'),
(15268, 'd007', '1991-01-21', '9999-01-01'),
(15269, 'd004', '1986-08-21', '9999-01-01'),
(15270, 'd009', '1994-05-09', '9999-01-01'),
(15271, 'd007', '1986-12-05', '9999-01-01'),
(15272, 'd004', '1993-03-22', '9999-01-01'),
(15273, 'd001', '1996-03-31', '1997-01-27'),
(15273, 'd009', '1997-01-27', '9999-01-01'),
(15274, 'd005', '1993-01-30', '1996-05-05'),
(15275, 'd008', '1996-02-11', '2001-03-14'),
(16304, 'd007', '1991-01-06', '9999-01-01'
),
(16305, 'd005', '1985-02-04', '9999-01-01');
INSERT INTO `dept_emp` (`
emp_no`,
`dept_no
`, `from_date`, `to_date`) VALUES
(16306, 'd005', '1994-09-16', '9999-01-01'),
(16307, 'd007', '1990-07-20', '9999-01-01'),
(16308, 'd002', '1999-10-16', '9999-01-01'),
(16309, 'd005', '1986-03-09', '9999-01-01'),
(16310, 'd002', '1993-06-23', '9999-01-01'),
(16311, 'd005', '1992-10-17', '1997-02-25'),
(16312, 'd002', '1990-05-14', '1995-07-31'),
(16313, 'd004', '1995-03-07', '9999-01-01'),
(16314, 'd004', '1996-03-22', '1998-02-08'),
(16314, 'd006', '1998-02-08', '1999-11-12'),
(17356, 'd009', '1996-10-31', '9999-01-01'
);
INSERT INTO `dept_emp` (`
emp_no`,
`dept_no
`, `from_date`, `to_date`) VALUES
(17357, 'd005', '1997-01-09', '2002-03-08'),
(17358, 'd004', '1996-10-23', '2000-12-29'),
(17359, 'd005', '1985-10-24', '9999-01-01'),
(17360, 'd006', '1996-12-05', '9999-01-01'),
(17361, 'd005', '1987-04-04', '1988-11-11'),
(17361, 'd008', '1988-11-11', '2001-12-27'),
(17362, 'd009', '1989-03-17', '2000-07-09'),
(17363, 'd005', '1998-03-19', '2002-07-10'),
(17364, 'd004', '1991-02-22', '9999-01-01'),
(17365, 'd004', '1991-11-17', '9999-01-01'),
(17366, 'd004', '1990-03-03', '9999-01-01'),
(17367, 'd007', '1992-01-23', '9999-01-01'),
(17368, 'd005', '1994-05-10', '9999-01-01'),
(17369, 'd004', '2000-09-15', '9999-01-01'),
(17369, 'd005', '1993-01-28', '2000-09-15'),
(17370, 'd007', '2000-01-12', '2002-02-01'),
(17371, 'd008', '1988-10-16', '9999-01-01'),
(17372, 'd009', '1992-03-13', '9999-01-01'),
(18406, 'd006', '1993-06-21', '9999-01-01'
);
INSERT INTO `dept_emp` (`
emp_no`,
`dept_no
`, `from_date`, `to_date`) VALUES
(18407, 'd007', '1987-10-09', '1997-08-15'),
(18408, 'd006', '1992-02-11', '1998-05-18'),
(18409, 'd002', '1993-07-26', '1994-08-25'),
(18409, 'd007', '1994-08-25', '9999-01-01'),
(18410, 'd004', '1986-05-24', '9999-01-01'),
(18411, 'd002', '1998-11-02', '9999-01-01'),
(18412, 'd007', '1991-11-01', '1997-08-19'),
(18413, 'd006', '1994-10-12', '9999-01-01'),
(18414, 'd008', '1985-07-31', '9999-01-01'),
(19456, 'd005', '1993-10-15', '1993-11-02'
);
INSERT INTO `dept_emp` (`
emp_no`,
`dept_no
`, `from_date`, `to_date`) VALUES
(19456, 'd009', '1993-03-01', '1993-10-15'),
(19457, 'd002', '1991-05-30', '9999-01-01'),
(19458, 'd004', '1986-02-11', '9999-01-01'),
(19459, 'd008', '1999-08-18', '9999-01-01'),
(19460, 'd008', '1985-07-30', '9999-01-01'),
(19461, 'd009', '1993-04-24', '9999-01-01'),
(19462, 'd005', '1993-09-09', '9999-01-01'),
(19463, 'd009', '1994-02-25', '9999-01-01'),
(19464, 'd001', '1991-07-24', '9999-01-01'),
(19464, 'd007', '1989-05-07', '1991-07-24'),
(19465, 'd004', '1988-02-17', '1994-04-05'),
(19466, 'd005', '1987-10-17', '9999-01-01'),
(19467, 'd009', '1986-06-11', '9999-01-01'),
(20505, 'd005', '1996-07-29', '9999-01-01'
);
INSERT INTO `dept_emp` (`
emp_no`,
`dept_no
`, `from_date`, `to_date`) VALUES
(20506, 'd007', '1993-08-26', '9999-01-01'),
(20507, 'd007', '1988-01-17', '1999-10-15'),
(20508, 'd004', '1989-09-04', '9999-01-01'),
(20509, 'd006', '1995-04-29', '9999-01-01'),
(20510, 'd005', '1997-01-07', '2002-04-11'),
(20511, 'd001', '1998-01-12', '9999-01-01');








INSERT INTO `titles` (`
emp_no`,
`title
`, `from_date`, `to_date`) VALUES
(54476, 'Engineer', '1989-09-30', '1996-09-30'),
(499791, 'Senior Staff', '1997-04-22', '9999-01-01'
),
(499791, 'Staff', '1989-04-22', '1997-04-22'),
(499792, 'Engineer', '1996-08-06', '2001-08-06'),
(499792, 'Senior Engineer', '2001-08-06', '9999-01-01'),
(499793, 'Engineer', '1993-11-23', '9999-01-01'),
(499794, 'Staff', '1997-08-01', '9999-01-01'),
(499795, 'Staff', '1986-08-26', '1988-07-01'),
(499796, 'Senior Staff', '2000-09-13', '9999-01-01'),
(499796, 'Staff', '1994-09-14', '2000-09-13'),
(499797, 'Senior Staff', '1998-12-07', '9999-01-01'),
(499797, 'Staff', '1991-12-07', '1998-12-07'),
(499798, 'Senior Staff', '1996-06-12', '9999-01-01'),
(499799, 'Senior Staff', '1995-08-10', '9999-01-01'),
(499799, 'Staff', '1989-08-10', '1995-08-10'),
(499800, 'Technique Leader', '1989-05-12', '9999-01-01'),
(499801, 'Staff', '1997-01-28', '9999-01-01'),
(499802, 'Senior Staff', '2000-02-28', '9999-01-01'),
(499802, 'Staff', '1993-02-27', '2000-02-28'),
(499803, 'Engineer', '1991-10-11', '1999-10-11'),
(499803, 'Senior Engineer', '1999-10-11', '9999-01-01'),
(499804, 'Staff', '1992-01-19', '1997-01-08'),
(499805, 'Senior Staff', '1997-10-01', '9999-01-01'),
(499805, 'Staff', '1992-10-01', '1997-10-01'),
(499806, 'Senior Engineer', '1998-01-16', '9999-01-01'),
(499807, 'Senior Staff', '1996-09-26', '9999-01-01'),
(499807, 'Staff', '1991-09-27', '1996-09-26'),
(499808, 'Senior Staff', '1998-03-14', '2001-05-31'),
(499808, 'Staff', '1991-03-14', '1998-03-14'),
(499809, 'Engineer', '1991-03-31', '1998-03-31'),
(499809, 'Senior Engineer', '1998-03-31', '9999-01-01'),
(499810, 'Senior Staff', '1986-02-02', '9999-01-01'),
(499811, 'Assistant Engineer', '1999-09-18', '9999-01-01'),
(499812, 'Technique Leader', '1998-02-26', '9999-01-01'),
(499813, 'Engineer', '1999-09-21', '9999-01-01'),
(499814, 'Senior Staff', '1998-01-31', '9999-01-01'),
(499814, 'Staff', '1989-01-31', '1998-01-31'),
(499815, 'Engineer', '1987-04-25', '1992-04-24'),
(499815, 'Senior Engineer', '1992-04-24', '1994-04-09'),
(499816, 'Assistant Engineer', '1998-02-24', '9999-01-01'),
(499817, 'Senior Staff', '2000-08-02', '9999-01-01'),
(499817, 'Staff', '1991-08-03', '2000-08-02'),
(499818, 'Senior Staff', '1994-09-09', '9999-01-01'),
(499818, 'Staff', '1986-09-09', '1994-09-09'),
(499819, 'Senior Engineer', '1989-08-18', '9999-01-01'),
(499820, 'Senior Staff', '1993-10-26', '9999-01-01'),
(499820, 'Staff', '1987-10-27', '1993-10-26'),
(499821, 'Senior Engineer', '1995-04-14', '9999-01-01'),
(499822, 'Senior Engineer', '1997-07-21', '1998-03-22'),
(499823, 'Staff', '1999-10-25', '9999-01-01'),
(499824, 'Senior Engineer', '1990-02-19', '9999-01-01'),
(499825, 'Engineer', '1996-01-13', '9999-01-01'),
(499826, 'Staff', '1997-11-25', '9999-01-01'),
(499827, 'Senior Engineer', '1996-03-18', '2002-04-04'),
(499828, 'Senior Staff', '1994-06-21', '9999-01-01'),
(499828, 'Staff', '1989-06-21', '1994-06-21'),
(499829, 'Staff', '1996-01-07', '9999-01-01'),
(499830, 'Engineer', '1996-05-13', '2001-05-13'),
(499830, 'Senior Engineer', '2001-05-13', '9999-01-01'),
(499831, 'Technique Leader', '1995-10-17', '9999-01-01'),
(499832, 'Senior Engineer', '1989-02-25', '9999-01-01'),
(499833, 'Engineer', '1999-10-28', '9999-01-01'),
(499834, 'Senior Staff', '2002-05-12', '9999-01-01'),
(499834, 'Staff', '1995-05-12', '2002-05-12'),
(499835, 'Senior Staff', '1995-05-26', '9999-01-01'),
(499836, 'Senior Staff', '1991-02-03', '2001-11-09'),
(499837, 'Staff', '1999-10-09', '9999-01-01'),
(499838, 'Assistant Engineer', '1996-01-19', '2001-01-18'),
(499838, 'Engineer', '2001-01-18', '9999-01-01'),
(499839, 'Staff', '1998-11-02', '2002-01-19'),
(499840, 'Engineer', '1996-12-09', '2001-12-09'),
(499840, 'Senior Engineer', '2001-12-09', '9999-01-01'),
(499841, 'Staff', '1999-10-20', '9999-01-01'),
(499842, 'Senior Staff', '1997-09-24', '9999-01-01'),
(499842, 'Staff', '1990-09-24', '1997-09-24'),
(499843, 'Engineer', '1998-05-01', '9999-01-01'),
(499844, 'Senior Engineer', '1992-11-09', '9999-01-01'),
(499845, 'Engineer', '1992-04-07', '1995-01-14'),
(499846, 'Engineer', '1993-07-02', '1999-07-02'),
(499846, 'Senior Engineer', '1999-07-02', '9999-01-01'),
(499847, 'Staff', '1998-04-05', '9999-01-01'),
(499848, 'Engineer', '1995-01-27', '2001-01-26'),
(499848, 'Senior Engineer', '2001-01-26', '9999-01-01'),
(499849, 'Senior Staff', '1993-11-13', '9999-01-01'),
(499850, 'Senior Staff', '1993-04-16', '9999-01-01'),
(499850, 'Staff', '1987-04-17', '1993-04-16'),
(499851, 'Senior Staff', '2001-05-23', '9999-01-01'),
(499851, 'Staff', '1992-05-23', '2001-05-23'),
(499852, 'Senior Staff', '1993-05-24', '9999-01-01'),
(499852, 'Staff', '1986-05-24', '1993-05-24'),
(499853, 'Senior Staff', '1990-05-22', '1995-12-21'),
(499854, 'Engineer', '1992-07-14', '1999-07-15'),
(499854, 'Senior Engineer', '1999-07-15', '9999-01-01'),
(499855, 'Engineer', '1998-01-23', '9999-01-01'),
(499856, 'Engineer', '1999-04-05', '9999-01-01'),
(499857, 'Engineer', '1999-08-15', '9999-01-01'),
(499858, 'Technique Leader', '1985-05-20', '9999-01-01'),
(499859, 'Senior Engineer', '1986-10-03', '9999-01-01'),
(499860, 'Senior Staff', '1998-03-17', '9999-01-01'),
(499860, 'Staff', '1989-03-17', '1998-03-17'),
(499861, 'Staff', '1998-02-15', '1998-07-23'),
(499862, 'Engineer', '1985-11-07', '1993-11-07'),
(499862, 'Senior Engineer', '1993-11-07', '9999-01-01'),
(499863, 'Engineer', '1985-09-04', '1988-11-18'),
(499864, 'Engineer', '1998-04-21', '2000-10-03'),
(499865, 'Staff', '1999-12-31', '9999-01-01'),
(499866, 'Assistant Engineer', '1989-03-13', '1995-03-13'),
(499866, 'Engineer', '1995-03-13', '1997-06-21'),
(499867, 'Engineer', '1988-10-13', '1994-10-13'),
(499867, 'Senior Engineer', '1994-10-13', '9999-01-01'),
(499868, 'Staff', '1996-10-03', '9999-01-01'),
(499869, 'Engineer', '1994-11-08', '1999-11-08'),
(499869, 'Senior Engineer', '1999-11-08', '9999-01-01'),
(499870, 'Engineer', '1986-09-09', '1993-09-09'),
(499870, 'Senior Engineer', '1993-09-09', '9999-01-01'),
(499871, 'Senior Staff', '2000-07-05', '9999-01-01'),
(499871, 'Staff', '1993-07-05', '2000-07-05'),
(499872, 'Technique Leader', '1986-12-24', '9999-01-01'),
(499873, 'Staff', '1997-08-03', '9999-01-01'),
(499874, 'Engineer', '2000-01-21', '2001-10-01'),
(499875, 'Staff', '1996-04-04', '9999-01-01'),
(499876, 'Engineer', '1988-02-20', '1994-02-19'),
(499876, 'Senior Engineer', '1994-02-19', '9999-01-01'),
(499877, 'Senior Engineer', '1989-06-10', '9999-01-01'),
(499878, 'Engineer', '1992-03-15', '2001-03-15'),
(499878, 'Senior Engineer', '2001-03-15', '9999-01-01'),
(499879, 'Staff', '1995-04-18', '9999-01-01'),
(499880, 'Engineer', '1990-10-24', '1997-10-24'),
(499880, 'Senior Engineer', '1997-10-24', '9999-01-01'),
(499881, 'Technique Leader', '1987-10-29', '1998-12-14'),
(499882, 'Engineer', '1985-02-05', '1994-02-05'),
(499882, 'Senior Engineer', '1994-02-05', '9999-01-01'),
(499883, 'Senior Staff', '1989-03-28', '9999-01-01'),
(499884, 'Senior Staff', '1990-05-13', '9999-01-01'),
(499885, 'Staff', '1997-05-09', '9999-01-01'),
(499886, 'Senior Engineer', '1989-05-27', '9999-01-01'),
(499887, 'Staff', '1997-11-01', '9999-01-01'),
(499888, 'Staff', '1999-06-27', '9999-01-01'),
(499889, 'Engineer', '1995-03-26', '2001-03-25'),
(499889, 'Senior Engineer', '2001-03-25', '9999-01-01'),
(499890, 'Senior Staff', '1994-01-30', '1995-09-14'),
(499891, 'Senior Engineer', '1999-01-07', '9999-01-01'),
(499892, 'Staff', '1999-10-19', '9999-01-01'),
(499893, 'Engineer', '1996-10-04', '2001-10-04'),
(499893, 'Senior Engineer', '2001-10-04', '9999-01-01'),
(499894, 'Senior Staff', '1998-02-24', '9999-01-01'),
(499895, 'Senior Staff', '1992-07-11', '9999-01-01'),
(499895, 'Staff', '1987-07-12', '1992-07-11'),
(499896, 'Engineer', '1999-05-26', '9999-01-01'),
(499897, 'Assistant Engineer', '1990-07-21', '1995-07-29'),
(499898, 'Senior Staff', '1992-09-11', '9999-01-01'),
(499898, 'Staff', '1985-09-11', '1992-09-11'),
(499899, 'Senior Staff', '1995-07-13', '9999-01-01'),
(499899, 'Staff', '1990-07-13', '1995-07-13'),
(499900, 'Engineer', '1998-02-14', '9999-01-01'),
(499901, 'Staff', '1998-04-07', '9999-01-01'),
(499902, 'Staff', '1999-08-02', '9999-01-01'),
(499903, 'Engineer', '1994-11-03', '2000-11-02'),
(499903, 'Senior Engineer', '2000-11-02', '9999-01-01'),
(499904, 'Engineer', '1999-07-19', '9999-01-01'),
(499905, 'Engineer', '1990-04-10', '1995-04-10'),
(499905, 'Senior Engineer', '1995-04-10', '1997-03-21'),
(499906, 'Technique Leader', '1993-07-27', '1998-05-22'),
(499907, 'Engineer', '1988-02-18', '1994-02-17'),
(499907, 'Senior Engineer', '1994-02-17', '9999-01-01'),
(499908, 'Engineer', '1988-12-02', '1995-12-03'),
(499908, 'Senior Engineer', '1995-12-03', '9999-01-01'),
(499909, 'Engineer', '1991-11-11', '1996-11-10'),
(499909, 'Senior Engineer', '1996-11-10', '9999-01-01'),
(499910, 'Engineer', '1991-12-22', '1997-12-21'),
(499910, 'Senior Engineer', '1997-12-21', '9999-01-01'),
(499911, 'Technique Leader', '1988-08-26', '1997-11-19'),
(499912, 'Engineer', '1993-10-23', '1999-10-23'),
(499912, 'Senior Engineer', '1999-10-23', '9999-01-01'),
(499913, 'Engineer', '1998-12-10', '9999-01-01'),
(499914, 'Engineer', '1990-12-04', '1995-12-04'),
(499914, 'Senior Engineer', '1995-12-04', '9999-01-01'),
(499915, 'Engineer', '1993-08-06', '2001-08-06'),
(499915, 'Senior Engineer', '2001-08-06', '9999-01-01'),
(499916, 'Senior Engineer', '1999-10-17', '9999-01-01'),
(499917, 'Senior Staff', '1997-02-16', '2002-07-01'),
(499917, 'Staff', '1988-02-17', '1997-02-16'),
(499918, 'Engineer', '1999-10-16', '9999-01-01'),
(499919, 'Senior Staff', '1991-01-09', '9999-01-01'),
(499920, 'Senior Staff', '1995-04-17', '9999-01-01'),
(499920, 'Staff', '1986-04-17', '1995-04-17'),
(499921, 'Staff', '1998-05-06', '9999-01-01'),
(499922, 'Senior Staff', '1991-07-03', '9999-01-01'),
(499922, 'Staff', '1986-07-03', '1991-07-03'),
(499923, 'Engineer', '1998-11-01', '1999-07-22'),
(499924, 'Senior Engineer', '1998-08-04', '9999-01-01'),
(499925, 'Senior Engineer', '1999-10-27', '9999-01-01'),
(499926, 'Senior Staff', '1985-08-16', '9999-01-01'),
(499927, 'Engineer', '1996-11-19', '9999-01-01'),
(499928, 'Engineer', '1985-03-30', '1994-03-30'),
(499928, 'Senior Engineer', '1994-03-30', '9999-01-01'),
(499929, 'Engineer', '1996-05-12', '2002-02-26'),
(499930, 'Engineer', '1988-03-23', '1994-03-23'),
(499930, 'Senior Engineer', '1994-03-23', '9999-01-01'),
(499931, 'Assistant Engineer', '1994-07-25', '9999-01-01'),
(499932, 'Assistant Engineer', '1991-02-03', '1996-02-03'),
(499932, 'Engineer', '1996-02-03', '1999-03-08'),
(499933, 'Senior Staff', '2001-05-28', '9999-01-01'),
(499933, 'Staff', '1993-05-28', '2001-05-28'),
(499934, 'Senior Staff', '1998-02-21', '9999-01-01'),
(499934, 'Staff', '1993-02-21', '1998-02-21'),
(499935, 'Assistant Engineer', '1991-09-27', '1998-09-27'),
(499935, 'Engineer', '1998-09-27', '9999-01-01'),
(499936, 'Engineer', '1994-10-31', '9999-01-01'),
(499937, 'Engineer', '1987-02-03', '1993-02-02'),
(499937, 'Senior Engineer', '1993-02-02', '9999-01-01'),
(499938, 'Staff', '1999-10-07', '9999-01-01'),
(499939, 'Staff', '1999-12-25', '2001-03-03'),
(499940, 'Senior Staff', '1986-04-25', '9999-01-01'),
(499941, 'Assistant Engineer', '1994-02-04', '9999-01-01'),
(499942, 'Technique Leader', '1998-03-28', '9999-01-01'),
(499943, 'Engineer', '1989-04-04', '1997-04-03'),
(499943, 'Senior Engineer', '1997-04-03', '9999-01-01'),
(499944, 'Senior Staff', '1992-09-10', '9999-01-01'),
(499945, 'Engineer', '1992-07-22', '2001-07-22'),
(499945, 'Senior Engineer', '2001-07-22', '9999-01-01'),
(499946, 'Engineer', '1993-12-10', '2001-12-10'),
(499946, 'Senior Engineer', '2001-12-10', '9999-01-01'),
(499947, 'Engineer', '1992-03-29', '1992-07-09'),
(499948, 'Engineer', '1999-04-09', '9999-01-01'),
(499949, 'Engineer', '1991-07-17', '1997-07-16'),
(499949, 'Senior Engineer', '1997-07-16', '9999-01-01'),
(499950, 'Staff', '1999-02-02', '2000-02-23'),
(499951, 'Staff', '1999-06-18', '9999-01-01'),
(499952, 'Senior Engineer', '1990-01-07', '9999-01-01'),
(499953, 'Senior Staff', '1994-02-23', '9999-01-01'),
(499953, 'Staff', '1985-02-23', '1994-02-23'),
(499954, 'Engineer', '1990-08-09', '1995-08-09'),
(499954, 'Senior Engineer', '1995-08-09', '9999-01-01'),
(499955, 'Senior Staff', '2000-03-06', '9999-01-01'),
(499955, 'Staff', '1993-03-06', '2000-03-06'),
(499956, 'Engineer', '1994-10-12', '2001-10-12'),
(499956, 'Senior Engineer', '2001-10-12', '9999-01-01'),
(499957, 'Staff', '1987-02-25', '1992-11-28'),
(499958, 'Assistant Engineer', '1994-09-26', '1996-08-31'),
(499959, 'Engineer', '1991-11-08', '1996-11-07'),
(499959, 'Senior Engineer', '1996-11-07', '9999-01-01'),
(499960, 'Senior Staff', '1989-09-16', '9999-01-01'),
(499961, 'Engineer', '1988-07-04', '1993-07-04'),
(499961, 'Senior Engineer', '1993-07-04', '9999-01-01'),
(499962, 'Engineer', '1995-06-20', '9999-01-01'),
(499963, 'Engineer', '1989-08-07', '1996-08-07'),
(499963, 'Senior Engineer', '1996-08-07', '9999-01-01'),
(499964, 'Engineer', '1994-09-25', '2000-09-24'),
(499964, 'Senior Engineer', '2000-09-24', '9999-01-01'),
(499965, 'Senior Staff', '1996-10-05', '9999-01-01'),
(499965, 'Staff', '1987-10-06', '1996-10-05'),
(499966, 'Senior Staff', '1990-06-13', '9999-01-01'),
(499966, 'Staff', '1985-06-13', '1990-06-13'),
(499967, 'Senior Staff', '1996-08-15', '2001-02-27'),
(499968, 'Senior Staff', '1996-10-07', '9999-01-01'),
(499968, 'Staff', '1991-10-08', '1996-10-07'),
(499969, 'Staff', '1998-07-27', '9999-01-01'),
(499970, 'Staff', '1995-01-09', '9999-01-01'),
(499971, 'Engineer', '1997-03-05', '2000-12-23'),
(499972, 'Engineer', '1989-11-23', '1998-11-23'),
(499972, 'Senior Engineer', '1998-11-23', '9999-01-01'),
(499973, 'Engineer', '1994-02-01', '9999-01-01'),
(499974, 'Assistant Engineer', '1996-12-11', '9999-01-01'),
(499975, 'Staff', '1995-11-21', '1997-07-23'),
(499976, 'Senior Staff', '1988-12-26', '9999-01-01'),
(499977, 'Staff', '1999-12-28', '9999-01-01'),
(499978, 'Staff', '1996-07-09', '1997-12-14'),
(499979, 'Engineer', '1996-08-29', '9999-01-01'),
(499980, 'Senior Staff', '1999-02-11', '9999-01-01'),
(499980, 'Staff', '1991-02-11', '1999-02-11'),
(499981, 'Senior Staff', '2000-03-06', '9999-01-01'),
(499981, 'Staff', '1991-03-07', '2000-03-06'),
(499982, 'Staff', '1999-04-08', '2000-05-16'),
(499983, 'Senior Staff', '2001-07-14', '9999-01-01'),
(499983, 'Staff', '1995-07-15', '2001-07-14'),
(499984, 'Engineer', '1989-07-30', '1994-07-30'),
(499984, 'Senior Engineer', '1994-07-30', '9999-01-01'),
(499985, 'Staff', '1997-02-11', '9999-01-01'),
(499986, 'Senior Staff', '1992-08-11', '9999-01-01'),
(499986, 'Staff', '1985-08-11', '1992-08-11'),
(499987, 'Staff', '1999-12-21', '9999-01-01'),
(499988, 'Senior Staff', '1997-07-25', '2001-10-09'),
(499988, 'Staff', '1988-07-25', '1997-07-25'),
(499989, 'Senior Staff', '1996-10-29', '2001-03-07'),
(499990, 'Engineer', '1999-10-28', '9999-01-01'),
(499991, 'Staff', '1997-02-11', '9999-01-01'),
(499992, 'Senior Staff', '1992-05-09', '9999-01-01'),
(499992, 'Staff', '1987-05-10', '1992-05-09'),
(499993, 'Engineer', '1997-04-07', '9999-01-01'),
(499994, 'Engineer', '1993-02-22', '1993-10-27'),
(499995, 'Engineer', '1997-06-02', '9999-01-01'),
(499996, 'Engineer', '1996-05-13', '2002-05-13'),
(499996, 'Senior Engineer', '2002-05-13', '9999-01-01'),
(499997, 'Engineer', '1987-08-30', '1992-08-29'),
(499997, 'Senior Engineer', '1992-08-29', '9999-01-01'),
(499998, 'Senior Staff', '1998-12-27', '9999-01-01'),
(499998, 'Staff', '1993-12-27', '1998-12-27'),
(499999, 'Engineer', '1997-11-30', '9999-01-01');

-- --------------------------------------------------------

--
-- Structure de la vue `current_dept_emp`
--
DROP TABLE IF EXISTS `current_dept_emp`;

CREATE ALGORITHM=UNDEFINED DEFINER=`root`@`localhost` SQL SECURITY DEFINER VIEW `current_dept_emp`  AS
select `l
`.`emp_no` AS `emp_no`,`d`.`dept_no` AS `dept_no`,`l`.`from_date` AS `from_date`,`l`.`to_date` AS `to_date` from
(`dept_emp` `d` join `dept_emp_latest_date` `l` on
(((`d`.`emp_no` = `l`.`emp_no`) and
(`d`.`from_date` = `l`.`from_date`) and
(`l`.`to_date` = `d`.`to_date`)))) ;

-- --------------------------------------------------------

--
-- Structure de la vue `dept_emp_latest_date`
--
DROP TABLE IF EXISTS `dept_emp_latest_date`;

CREATE ALGORITHM=UNDEFINED DEFINER=`root`@`localhost` SQL SECURITY DEFINER VIEW `dept_emp_latest_date`  AS
select `dept_emp
`.`emp_no` AS `emp_no`,max
(`dept_emp`.`from_date`) AS `from_date`,max
(`dept_emp`.`to_date`) AS `to_date` from `dept_emp` group by `dept_emp`.`emp_no` ;

--
-- Index pour les tables déchargées
--

--
-- Index pour la table `departments`
--
ALTER TABLE `departments`
ADD PRIMARY KEY
(`dept_no`),
ADD UNIQUE KEY `dept_name`
(`dept_name`);

--
-- Index pour la table `dept_emp`
--
ALTER TABLE `dept_emp`
ADD PRIMARY KEY
(`emp_no`,`dept_no`),
ADD KEY `dept_no`
(`dept_no`);

--
-- Index pour la table `dept_manager`
--
ALTER TABLE `dept_manager`
ADD PRIMARY KEY
(`emp_no`,`dept_no`),
ADD KEY `dept_no`
(`dept_no`);

--
-- Index pour la table `employees`
--
ALTER TABLE `employees`
ADD PRIMARY KEY
(`emp_no`);

--
-- Index pour la table `salaries`
--
ALTER TABLE `salaries`
ADD PRIMARY KEY
(`emp_no`,`from_date`);

--
-- Index pour la table `titles`
--
ALTER TABLE `titles`
ADD PRIMARY KEY
(`emp_no`,`title`,`from_date`);

--
-- Contraintes pour les tables déchargées
--

--
-- Contraintes pour la table `dept_emp`
--
ALTER TABLE `dept_emp`
ADD CONSTRAINT `dept_emp_ibfk_1` FOREIGN KEY
(`emp_no`) REFERENCES `employees`
(`emp_no`) ON
DELETE CASCADE,
ADD CONSTRAINT `dept_emp_ibfk_2` FOREIGN KEY
(`dept_no`) REFERENCES `departments`
(`dept_no`) ON
DELETE CASCADE;

--
-- Contraintes pour la table `dept_manager`
--
ALTER TABLE `dept_manager`
ADD CONSTRAINT `dept_manager_ibfk_1` FOREIGN KEY
(`emp_no`) REFERENCES `employees`
(`emp_no`) ON
DELETE CASCADE,
ADD CONSTRAINT `dept_manager_ibfk_2` FOREIGN KEY
(`dept_no`) REFERENCES `departments`
(`dept_no`) ON
DELETE CASCADE;

--
-- Contraintes pour la table `salaries`
--
ALTER TABLE `salaries`
ADD CONSTRAINT `salaries_ibfk_1` FOREIGN KEY
(`emp_no`) REFERENCES `employees`
(`emp_no`) ON
DELETE CASCADE;

--
-- Contraintes pour la table `titles`
--
ALTER TABLE `titles`
ADD CONSTRAINT `titles_ibfk_1` FOREIGN KEY
(`emp_no`) REFERENCES `employees`
(`emp_no`) ON
DELETE CASCADE;
COMMIT;

/*!40101 SET CHARACTER_SET_CLIENT=@OLD_CHARACTER_SET_CLIENT */;
/*!40101 SET CHARACTER_SET_RESULTS=@OLD_CHARACTER_SET_RESULTS */;
/*!40101 SET COLLATION_CONNECTION=@OLD_COLLATION_CONNECTION */;
